"1","AF","NA","Grand Afghanistan Inn","5"
"2","AF","AV","Central Afghanistan Suites","3"
"3","AF","NA","Grand Afghanistan Lodge","1"
"4","AF","AV","Sunset Afghanistan Hotel","4"
"5","AF","NA","Mountain Afghanistan Inn","4"
"6","AF","AV","Sunset Afghanistan Lodge","3"
"7","ZA","AV","Grand Afrique du Sud Resort","5"
"8","ZA","AV","Ocean Afrique du Sud Retreat","5"
"9","ZA","AV","Mountain Afrique du Sud Resort","5"
"10","ZA","NA","Royal Afrique du Sud Inn","4"
"11","ZA","AV","Imperial Afrique du Sud Suites","5"
"12","ZA","NA","Central Afrique du Sud Palace","3"
"13","AL","AV","Paradise Albanie Inn","4"
"14","AL","AV","Royal Albanie Inn","2"
"15","AL","AV","Ocean Albanie Hotel","2"
"16","AL","AV","Ocean Albanie Inn","4"
"17","AL","NA","Central Albanie Lodge","1"
"18","DZ","AV","Paradise Algérie Lodge","1"
"19","DZ","NA","Paradise Algérie Resort","1"
"20","DZ","AV","Central Algérie Resort","5"
"21","DZ","AV","Paradise Algérie Lodge","4"
"22","DZ","AV","Imperial Algérie Lodge","4"
"23","DZ","NA","Royal Algérie Retreat","3"
"24","DE","AV","Plaza Allemagne Hotel","4"
"25","DE","AV","Sunset Allemagne Suites","5"
"26","DE","AV","Royal Allemagne Palace","5"
"27","DE","AV","Royal Allemagne Hotel","1"
"28","DE","NA","Plaza Allemagne Inn","1"
"29","DE","NA","Paradise Allemagne Suites","2"
"30","DE","NA","Ocean Allemagne Inn","5"
"31","DE","AV","Paradise Allemagne Retreat","4"
"32","AO","NA","Sunset Angola Hotel","4"
"33","AO","NA","Central Angola Palace","4"
"34","AO","NA","Sunset Angola Palace","5"
"35","AO","AV","Paradise Angola Palace","3"
"36","AO","AV","Plaza Angola Resort","4"
"37","AO","NA","Grand Angola Lodge","1"
"38","AO","AV","Imperial Angola Lodge","4"
"39","AW","NA","Continental Aruba Resort","3"
"40","AW","NA","Grand Aruba Resort","4"
"41","AW","NA","Paradise Aruba Palace","3"
"42","AW","NA","Imperial Aruba Retreat","4"
"43","AW","NA","Ocean Aruba Palace","5"
"44","AW","AV","Continental Aruba Resort","1"
"45","AW","AV","Sunset Aruba Inn","2"
"46","AW","NA","Royal Aruba Hotel","4"
"47","SA","NA","Grand Arabie saoudite Suites","5"
"48","SA","NA","Royal Arabie saoudite Lodge","1"
"49","SA","NA","Plaza Arabie saoudite Suites","4"
"50","SA","NA","Plaza Arabie saoudite Resort","4"
"51","SA","NA","Central Arabie saoudite Resort","1"
"52","SA","NA","Ocean Arabie saoudite Resort","1"
"53","SA","AV","Paradise Arabie saoudite Hotel","2"
"54","SA","AV","Royal Arabie saoudite Inn","3"
"55","AR","AV","Paradise Argentine Palace","4"
"56","AR","NA","Plaza Argentine Inn","4"
"57","AR","AV","Ocean Argentine Retreat","2"
"58","AR","AV","Continental Argentine Suites","2"
"59","AR","NA","Grand Argentine Inn","2"
"60","AR","NA","Plaza Argentine Suites","4"
"61","AR","AV","Imperial Argentine Inn","1"
"62","AM","AV","Grand Arménie Hotel","2"
"63","AM","NA","Central Arménie Inn","2"
"64","AM","NA","Plaza Arménie Hotel","2"
"65","AM","NA","Ocean Arménie Suites","3"
"66","AM","NA","Plaza Arménie Retreat","1"
"67","AM","NA","Grand Arménie Suites","3"
"68","AM","NA","Mountain Arménie Retreat","4"
"69","AM","NA","Paradise Arménie Palace","4"
"70","AM","NA","Paradise Arménie Resort","3"
"71","AM","NA","Royal Arménie Suites","1"
"72","AU","AV","Mountain Australie Palace","5"
"73","AU","AV","Grand Australie Resort","5"
"74","AU","NA","Imperial Australie Resort","5"
"75","AU","NA","Grand Australie Retreat","2"
"76","AU","AV","Continental Australie Hotel","2"
"77","AU","AV","Paradise Australie Retreat","2"
"78","AU","NA","Continental Australie Palace","2"
"79","AU","AV","Mountain Australie Retreat","4"
"80","AT","NA","Mountain Autriche Lodge","3"
"81","AT","AV","Plaza Autriche Inn","5"
"82","AT","NA","Mountain Autriche Lodge","2"
"83","AT","AV","Central Autriche Suites","3"
"84","AT","NA","Grand Autriche Palace","5"
"85","AT","AV","Plaza Autriche Palace","4"
"86","AT","AV","Imperial Autriche Inn","2"
"87","AT","NA","Royal Autriche Hotel","5"
"88","AZ","NA","Plaza Azerbaïdjan Inn","3"
"89","AZ","AV","Imperial Azerbaïdjan Inn","1"
"90","AZ","NA","Continental Azerbaïdjan Lodge","2"
"91","AZ","AV","Sunset Azerbaïdjan Hotel","4"
"92","AZ","AV","Imperial Azerbaïdjan Resort","5"
"93","BE","AV","Imperial Belgique Suites","1"
"94","BE","NA","Mountain Belgique Lodge","3"
"95","BE","AV","Imperial Belgique Palace","2"
"96","BE","AV","Central Belgique Resort","1"
"97","BE","NA","Continental Belgique Retreat","5"
"98","BE","AV","Continental Belgique Suites","3"
"99","BE","NA","Central Belgique Resort","5"
"100","BE","AV","Continental Belgique Retreat","1"
"101","NL","AV","Central Pays-Bas Suites","3"
"102","NL","NA","Mountain Pays-Bas Inn","3"
"103","NL","AV","Plaza Pays-Bas Hotel","4"
"104","NL","AV","Grand Pays-Bas Suites","4"
"105","NL","NA","Ocean Pays-Bas Lodge","1"
"106","BS","AV","Paradise Bahamas Inn","2"
"107","BS","NA","Grand Bahamas Inn","4"
"108","BS","NA","Ocean Bahamas Resort","3"
"109","BS","AV","Plaza Bahamas Suites","2"
"110","BH","AV","Continental Bahreïn Suites","3"
"111","BH","NA","Plaza Bahreïn Resort","2"
"112","BH","AV","Mountain Bahreïn Retreat","1"
"113","BH","NA","Imperial Bahreïn Resort","3"
"114","BH","AV","Grand Bahreïn Lodge","4"
"115","BH","NA","Plaza Bahreïn Resort","5"
"116","BH","NA","Sunset Bahreïn Lodge","5"
"117","BH","AV","Imperial Bahreïn Inn","4"
"118","BH","NA","Continental Bahreïn Suites","2"
"119","BD","AV","Royal Bangladesh Hotel","3"
"120","BD","AV","Continental Bangladesh Retreat","2"
"121","BD","AV","Paradise Bangladesh Palace","5"
"122","BD","NA","Mountain Bangladesh Retreat","4"
"123","BD","NA","Plaza Bangladesh Resort","3"
"124","BD","NA","Sunset Bangladesh Inn","1"
"125","BD","AV","Continental Bangladesh Retreat","4"
"126","SV","AV","Paradise Salvador Retreat","2"
"127","SV","NA","Mountain Salvador Retreat","3"
"128","SV","AV","Imperial Salvador Resort","4"
"129","SV","AV","Paradise Salvador Hotel","3"
"130","SV","NA","Grand Salvador Suites","3"
"131","SV","AV","Mountain Salvador Lodge","1"
"132","SV","AV","Imperial Salvador Hotel","1"
"133","SV","AV","Continental Salvador Retreat","5"
"134","SV","NA","Central Salvador Palace","3"
"135","SV","AV","Ocean Salvador Suites","4"
"136","BZ","AV","Plaza Belize Retreat","1"
"137","BZ","NA","Royal Belize Inn","3"
"138","BZ","AV","Sunset Belize Inn","1"
"139","BZ","NA","Continental Belize Palace","3"
"140","BZ","AV","Imperial Belize Lodge","1"
"141","BJ","AV","Imperial Bénin Lodge","3"
"142","BJ","NA","Imperial Bénin Palace","3"
"143","BJ","NA","Ocean Bénin Hotel","5"
"144","BJ","NA","Royal Bénin Suites","5"
"145","BJ","AV","Mountain Bénin Lodge","3"
"146","BJ","AV","Paradise Bénin Retreat","3"
"147","BJ","NA","Grand Bénin Lodge","2"
"148","BJ","NA","Sunset Bénin Resort","4"
"149","BY","NA","Continental Biélorussie Palace","2"
"150","BY","AV","Central Biélorussie Suites","2"
"151","BY","NA","Central Biélorussie Hotel","3"
"152","BY","NA","Continental Biélorussie Hotel","4"
"153","BY","NA","Paradise Biélorussie Suites","2"
"154","CO","AV","Sunset Colombie Lodge","2"
"155","CO","NA","Mountain Colombie Palace","4"
"156","CO","NA","Sunset Colombie Palace","1"
"157","CO","AV","Imperial Colombie Hotel","4"
"158","CO","AV","Continental Colombie Resort","5"
"159","CO","AV","Central Colombie Inn","5"
"160","CO","NA","Royal Colombie Hotel","4"
"161","CO","AV","Royal Colombie Lodge","2"
"162","CO","AV","Central Colombie Suites","3"
"163","BO","AV","Grand Bolivie Lodge","2"
"164","BO","AV","Central Bolivie Hotel","4"
"165","BO","AV","Imperial Bolivie Inn","4"
"166","PT","NA","Mountain Portugal Inn","2"
"167","PT","NA","Grand Portugal Lodge","1"
"168","PT","NA","Mountain Portugal Retreat","5"
"169","PT","AV","Central Portugal Resort","2"
"170","PT","NA","Imperial Portugal Hotel","4"
"171","PT","AV","Sunset Portugal Palace","4"
"172","PT","AV","Grand Portugal Retreat","5"
"173","PE","NA","Central Pérou Retreat","4"
"174","PE","NA","Paradise Pérou Inn","5"
"175","PE","AV","Continental Pérou Palace","2"
"176","PE","AV","Plaza Pérou Suites","3"
"177","PE","NA","Continental Pérou Resort","2"
"178","PE","NA","Imperial Pérou Hotel","1"
"179","PE","AV","Paradise Pérou Palace","5"
"180","PE","NA","Plaza Pérou Hotel","5"
"181","PE","NA","Sunset Pérou Lodge","5"
"182","PE","AV","Mountain Pérou Suites","2"
"183","BA","AV","Central Bosnie-Herzégovine Suites","1"
"184","BA","NA","Imperial Bosnie-Herzégovine Resort","2"
"185","BA","AV","Continental Bosnie-Herzégovine Palace","3"
"186","BA","AV","Sunset Bosnie-Herzégovine Palace","4"
"187","BW","AV","Central Botswana Lodge","3"
"188","BW","AV","Sunset Botswana Lodge","3"
"189","BW","NA","Plaza Botswana Hotel","5"
"190","BW","NA","Continental Botswana Lodge","1"
"191","BW","AV","Ocean Botswana Hotel","4"
"192","BW","NA","Continental Botswana Inn","3"
"193","BW","NA","Paradise Botswana Lodge","5"
"194","BW","AV","Plaza Botswana Suites","4"
"195","BW","AV","Plaza Botswana Suites","3"
"196","BW","NA","Grand Botswana Inn","3"
"197","BR","NA","Grand Brésil Resort","5"
"198","BR","NA","Imperial Brésil Retreat","3"
"199","BR","AV","Central Brésil Inn","2"
"200","BR","AV","Paradise Brésil Palace","4"
"201","BR","NA","Continental Brésil Palace","1"
"202","BG","NA","Continental Bulgarie Hotel","2"
"203","BG","AV","Grand Bulgarie Hotel","5"
"204","BG","AV","Plaza Bulgarie Suites","4"
"205","BF","AV","Mountain Burkina Faso Palace","5"
"206","BF","AV","Paradise Burkina Faso Suites","1"
"207","BF","NA","Grand Burkina Faso Lodge","2"
"208","BF","NA","Sunset Burkina Faso Palace","4"
"209","BF","AV","Imperial Burkina Faso Palace","4"
"210","BF","NA","Paradise Burkina Faso Hotel","1"
"211","BF","NA","Mountain Burkina Faso Hotel","5"
"212","BF","AV","Royal Burkina Faso Hotel","3"
"213","BF","AV","Continental Burkina Faso Retreat","1"
"214","BF","AV","Grand Burkina Faso Resort","5"
"215","KH","AV","Continental Cambodge Lodge","2"
"216","KH","AV","Imperial Cambodge Palace","5"
"217","KH","NA","Central Cambodge Lodge","3"
"218","KH","NA","Royal Cambodge Palace","2"
"219","KH","NA","Imperial Cambodge Suites","1"
"220","KH","AV","Ocean Cambodge Suites","1"
"221","KH","AV","Mountain Cambodge Hotel","1"
"222","KH","NA","Grand Cambodge Resort","1"
"223","KH","NA","Central Cambodge Retreat","4"
"224","CM","NA","Sunset Cameroun Lodge","4"
"225","CM","AV","Paradise Cameroun Resort","3"
"226","CM","AV","Grand Cameroun Palace","1"
"227","CM","NA","Sunset Cameroun Retreat","1"
"228","CM","AV","Central Cameroun Palace","4"
"229","CA","AV","Mountain Canada Inn","2"
"230","CA","AV","Ocean Canada Lodge","2"
"231","CA","NA","Paradise Canada Resort","2"
"232","CA","NA","Central Canada Palace","5"
"233","CA","AV","Imperial Canada Retreat","4"
"234","CA","AV","Royal Canada Inn","2"
"235","CA","AV","Plaza Canada Lodge","4"
"236","CA","NA","Sunset Canada Hotel","4"
"237","CV","NA","Mountain Cap-Vert Inn","1"
"238","CV","AV","Plaza Cap-Vert Lodge","4"
"239","CV","NA","Sunset Cap-Vert Retreat","2"
"240","CV","AV","Central Cap-Vert Hotel","3"
"241","CV","AV","Royal Cap-Vert Inn","1"
"242","CV","NA","Continental Cap-Vert Inn","3"
"243","CV","AV","Ocean Cap-Vert Hotel","1"
"244","CV","AV","Sunset Cap-Vert Resort","2"
"245","CL","AV","Sunset Chili Lodge","1"
"246","CL","NA","Mountain Chili Hotel","2"
"247","CL","AV","Paradise Chili Inn","5"
"248","CL","AV","Continental Chili Palace","2"
"249","CL","AV","Plaza Chili Resort","2"
"250","CL","AV","Grand Chili Hotel","5"
"251","CL","NA","Sunset Chili Inn","1"
"252","CL","AV","Paradise Chili Retreat","5"
"253","CL","NA","Royal Chili Suites","1"
"254","CL","NA","Royal Chili Retreat","3"
"255","CN","NA","Ocean Chine Resort","2"
"256","CN","NA","Ocean Chine Resort","3"
"257","CN","NA","Ocean Chine Inn","2"
"258","CN","NA","Royal Chine Suites","3"
"259","CN","NA","Mountain Chine Resort","5"
"260","CN","NA","Central Chine Retreat","3"
"261","TW","AV","Mountain Taïwan Lodge","5"
"262","TW","NA","Paradise Taïwan Palace","5"
"263","TW","NA","Royal Taïwan Lodge","3"
"264","HK","NA","Central Hong Kong Palace","4"
"265","HK","NA","Plaza Hong Kong Palace","1"
"266","HK","NA","Sunset Hong Kong Retreat","5"
"267","HK","NA","Continental Hong Kong Lodge","1"
"268","HK","NA","Paradise Hong Kong Hotel","4"
"269","HK","NA","Central Hong Kong Suites","1"
"270","CY","AV","Grand Chypre Retreat","2"
"271","CY","AV","Mountain Chypre Retreat","4"
"272","CY","AV","Central Chypre Suites","1"
"273","CY","AV","Paradise Chypre Hotel","1"
"274","CY","NA","Paradise Chypre Retreat","2"
"275","CY","AV","Paradise Chypre Suites","5"
"276","CY","NA","Sunset Chypre Suites","3"
"277","CY","NA","Sunset Chypre Resort","3"
"278","CY","AV","Mountain Chypre Palace","4"
"279","KM","AV","Mountain Comores Retreat","1"
"280","KM","AV","Continental Comores Retreat","1"
"281","KM","NA","Plaza Comores Palace","2"
"282","KM","AV","Continental Comores Retreat","1"
"283","KM","NA","Central Comores Resort","1"
"284","KM","AV","Royal Comores Retreat","3"
"285","KM","NA","Grand Comores Resort","3"
"286","KP","AV","Sunset Corée du Nord Palace","1"
"287","KP","AV","Ocean Corée du Nord Lodge","2"
"288","KP","AV","Imperial Corée du Nord Resort","2"
"289","KP","NA","Ocean Corée du Nord Hotel","3"
"290","KP","NA","Sunset Corée du Nord Retreat","1"
"291","KP","NA","Paradise Corée du Nord Retreat","1"
"292","KR","AV","Paradise Corée du Sud Hotel","1"
"293","KR","AV","Ocean Corée du Sud Suites","4"
"294","KR","AV","Central Corée du Sud Retreat","2"
"295","KR","AV","Grand Corée du Sud Inn","3"
"296","KR","AV","Continental Corée du Sud Retreat","3"
"297","KR","NA","Paradise Corée du Sud Hotel","3"
"298","KR","NA","Central Corée du Sud Suites","3"
"299","KR","AV","Plaza Corée du Sud Palace","4"
"300","KR","NA","Royal Corée du Sud Inn","5"
"301","KR","NA","Paradise Corée du Sud Resort","2"
"302","CR","AV","Grand Costa Rica Suites","1"
"303","CR","AV","Grand Costa Rica Lodge","2"
"304","CR","AV","Imperial Costa Rica Palace","1"
"305","CR","NA","Paradise Costa Rica Lodge","5"
"306","CR","NA","Plaza Costa Rica Resort","1"
"307","CR","NA","Ocean Costa Rica Retreat","3"
"308","CR","AV","Plaza Costa Rica Hotel","5"
"309","CR","NA","Grand Costa Rica Lodge","2"
"310","CR","NA","Continental Costa Rica Lodge","5"
"311","CR","NA","Royal Costa Rica Resort","4"
"312","CI","AV","Sunset Côte d''Ivoire Retreat","4"
"313","CI","NA","Grand Côte d''Ivoire Palace","1"
"314","CI","AV","Mountain Côte d''Ivoire Resort","3"
"315","CI","NA","Ocean Côte d''Ivoire Retreat","2"
"316","CI","AV","Paradise Côte d''Ivoire Hotel","3"
"317","CI","AV","Imperial Côte d''Ivoire Suites","5"
"318","CI","AV","Central Côte d''Ivoire Resort","3"
"319","CI","AV","Central Côte d''Ivoire Resort","2"
"320","CI","AV","Mountain Côte d''Ivoire Inn","4"
"321","HR","AV","Plaza Croatie Lodge","4"
"322","HR","AV","Paradise Croatie Retreat","5"
"323","HR","NA","Paradise Croatie Palace","2"
"324","HR","AV","Central Croatie Retreat","3"
"325","HR","AV","Ocean Croatie Hotel","1"
"326","HR","AV","Imperial Croatie Palace","4"
"327","HR","AV","Ocean Croatie Suites","4"
"328","HR","NA","Royal Croatie Resort","4"
"329","HR","AV","Royal Croatie Inn","2"
"330","CU","AV","Central Cuba Resort","5"
"331","CU","NA","Mountain Cuba Hotel","3"
"332","CU","NA","Grand Cuba Lodge","1"
"333","CU","AV","Royal Cuba Hotel","5"
"334","DK","NA","Sunset Danemark Suites","5"
"335","DK","NA","Grand Danemark Retreat","4"
"336","DK","NA","Royal Danemark Lodge","2"
"337","DK","NA","Paradise Danemark Palace","1"
"338","DK","NA","Plaza Danemark Hotel","1"
"339","DK","AV","Ocean Danemark Hotel","2"
"340","DK","AV","Paradise Danemark Palace","4"
"341","DK","NA","Royal Danemark Retreat","2"
"342","DJ","AV","Sunset Djibouti Palace","1"
"343","DJ","NA","Continental Djibouti Resort","3"
"344","DJ","AV","Central Djibouti Resort","3"
"345","DJ","AV","Mountain Djibouti Resort","3"
"346","DJ","NA","Sunset Djibouti Hotel","4"
"347","DJ","NA","Royal Djibouti Suites","2"
"348","EG","AV","Royal Égypte Retreat","5"
"349","EG","AV","Imperial Égypte Suites","2"
"350","EG","NA","Mountain Égypte Inn","1"
"351","EG","AV","Royal Égypte Lodge","1"
"352","EG","AV","Grand Égypte Palace","3"
"353","EG","NA","Grand Égypte Retreat","5"
"354","EG","NA","Paradise Égypte Palace","2"
"355","EG","NA","Mountain Égypte Lodge","3"
"356","AE","NA","Imperial Émirats arabes unis Suites","3"
"357","AE","NA","Mountain Émirats arabes unis Inn","3"
"358","AE","AV","Paradise Émirats arabes unis Resort","2"
"359","AE","NA","Central Émirats arabes unis Inn","5"
"360","AE","NA","Ocean Émirats arabes unis Inn","3"
"361","AE","NA","Grand Émirats arabes unis Palace","2"
"362","AE","NA","Plaza Émirats arabes unis Retreat","3"
"363","AE","AV","Royal Émirats arabes unis Hotel","3"
"364","AE","AV","Plaza Émirats arabes unis Palace","2"
"365","AE","NA","Continental Émirats arabes unis Retreat","1"
"366","EC","AV","Continental Équateur Inn","5"
"367","EC","AV","Continental Équateur Retreat","3"
"368","EC","NA","Grand Équateur Lodge","1"
"369","EC","AV","Ocean Équateur Suites","4"
"370","EC","AV","Plaza Équateur Lodge","4"
"371","EC","NA","Mountain Équateur Palace","4"
"372","EC","NA","Continental Équateur Retreat","3"
"373","EC","AV","Sunset Équateur Resort","1"
"374","EC","NA","Plaza Équateur Inn","5"
"375","EC","NA","Imperial Équateur Resort","3"
"376","ES","NA","Plaza Espagne Lodge","2"
"377","ES","NA","Imperial Espagne Suites","5"
"378","ES","AV","Continental Espagne Inn","5"
"379","ES","NA","Sunset Espagne Resort","1"
"380","ES","NA","Ocean Espagne Palace","4"
"381","ES","NA","Imperial Espagne Resort","5"
"382","ES","AV","Continental Espagne Resort","2"
"383","ES","AV","Royal Espagne Suites","3"
"384","ES","AV","Central Espagne Lodge","1"
"385","EE","NA","Ocean Estonie Palace","2"
"386","EE","NA","Plaza Estonie Hotel","3"
"387","EE","AV","Sunset Estonie Lodge","5"
"388","EE","NA","Ocean Estonie Resort","2"
"389","EE","NA","Imperial Estonie Resort","3"
"390","EE","AV","Central Estonie Lodge","5"
"391","EE","AV","Central Estonie Lodge","4"
"392","EE","NA","Central Estonie Hotel","3"
"393","EE","NA","Grand Estonie Suites","5"
"394","EE","NA","Continental Estonie Resort","4"
"395","US","NA","Plaza États-Unis Hotel","1"
"396","US","NA","Plaza États-Unis Suites","3"
"397","US","NA","Grand États-Unis Hotel","3"
"398","US","AV","Royal États-Unis Hotel","3"
"399","US","NA","Grand États-Unis Palace","4"
"400","US","NA","Ocean États-Unis Suites","2"
"401","ER","NA","Continental Érythrée Lodge","4"
"402","ER","AV","Mountain Érythrée Retreat","1"
"403","ER","NA","Plaza Érythrée Suites","4"
"404","ER","AV","Paradise Érythrée Retreat","2"
"405","ER","NA","Mountain Érythrée Inn","1"
"406","ER","AV","Ocean Érythrée Inn","5"
"407","ER","NA","Royal Érythrée Resort","1"
"408","ER","AV","Plaza Érythrée Retreat","3"
"409","ET","AV","Imperial Éthiopie Hotel","1"
"410","ET","NA","Plaza Éthiopie Inn","4"
"411","ET","AV","Ocean Éthiopie Retreat","4"
"412","ET","AV","Ocean Éthiopie Lodge","4"
"413","ET","AV","Continental Éthiopie Resort","3"
"414","ET","NA","Continental Éthiopie Hotel","3"
"415","ET","NA","Central Éthiopie Lodge","1"
"416","ET","NA","Central Éthiopie Retreat","3"
"417","ET","NA","Grand Éthiopie Suites","3"
"418","FJ","AV","Plaza Fidji Resort","5"
"419","FJ","NA","Imperial Fidji Resort","4"
"420","FJ","AV","Sunset Fidji Lodge","2"
"421","FI","AV","Mountain Finlande Palace","4"
"422","FI","NA","Royal Finlande Retreat","1"
"423","FI","AV","Imperial Finlande Lodge","1"
"424","FI","AV","Mountain Finlande Suites","5"
"425","FI","AV","Royal Finlande Resort","4"
"426","FI","NA","Ocean Finlande Resort","5"
"427","FR","NA","Sunset France Retreat","1"
"428","FR","AV","Royal France Resort","1"
"429","FR","NA","Grand France Retreat","1"
"430","FR","NA","Mountain France Suites","1"
"431","FR","AV","Sunset France Palace","4"
"432","FR","NA","Plaza France Lodge","3"
"433","GA","AV","Paradise Gabon Resort","5"
"434","GA","NA","Paradise Gabon Retreat","4"
"435","GA","NA","Plaza Gabon Suites","3"
"436","GA","NA","Central Gabon Resort","4"
"437","GA","AV","Sunset Gabon Hotel","2"
"438","GA","NA","Ocean Gabon Inn","4"
"439","GA","AV","Central Gabon Lodge","2"
"440","GA","AV","Mountain Gabon Retreat","3"
"441","GE","NA","Sunset Géorgie Palace","3"
"442","GE","NA","Paradise Géorgie Suites","2"
"443","GE","AV","Continental Géorgie Lodge","2"
"444","GE","NA","Plaza Géorgie Resort","3"
"445","GE","NA","Grand Géorgie Resort","5"
"446","GE","AV","Ocean Géorgie Palace","5"
"447","GE","AV","Ocean Géorgie Palace","1"
"448","GE","NA","Sunset Géorgie Retreat","4"
"449","GH","AV","Imperial Ghana Inn","5"
"450","GH","AV","Plaza Ghana Suites","3"
"451","GH","NA","Plaza Ghana Lodge","2"
"452","GH","NA","Imperial Ghana Palace","4"
"453","GH","NA","Plaza Ghana Retreat","5"
"454","GH","AV","Plaza Ghana Inn","5"
"455","GH","AV","Continental Ghana Retreat","3"
"456","GH","NA","Sunset Ghana Inn","5"
"457","GH","NA","Sunset Ghana Hotel","3"
"458","GR","NA","Ocean Grèce Resort","1"
"459","GR","NA","Central Grèce Resort","3"
"460","GR","NA","Mountain Grèce Hotel","3"
"461","GR","AV","Ocean Grèce Resort","3"
"462","GR","AV","Plaza Grèce Hotel","1"
"463","GR","AV","Plaza Grèce Retreat","3"
"464","GL","NA","Imperial Groenland Hotel","1"
"465","GL","NA","Royal Groenland Lodge","4"
"466","GL","AV","Imperial Groenland Lodge","1"
"467","GL","AV","Royal Groenland Hotel","2"
"468","GL","NA","Mountain Groenland Lodge","1"
"469","GL","AV","Continental Groenland Suites","3"
"470","GL","NA","Royal Groenland Resort","2"
"471","GT","AV","Sunset Guatemala Retreat","2"
"472","GT","NA","Central Guatemala Suites","5"
"473","GT","AV","Continental Guatemala Palace","2"
"474","GN","AV","Ocean Guinée Inn","3"
"475","GN","AV","Imperial Guinée Hotel","5"
"476","GN","AV","Continental Guinée Palace","4"
"477","GN","NA","Royal Guinée Resort","2"
"478","GN","AV","Royal Guinée Retreat","3"
"479","GN","NA","Sunset Guinée Hotel","5"
"480","GN","AV","Sunset Guinée Lodge","2"
"481","HT","AV","Royal Haïti Inn","4"
"482","HT","NA","Mountain Haïti Retreat","1"
"483","HT","NA","Mountain Haïti Palace","2"
"484","HT","NA","Imperial Haïti Retreat","5"
"485","HT","NA","Central Haïti Retreat","4"
"486","HT","NA","Royal Haïti Retreat","4"
"487","HT","NA","Royal Haïti Hotel","1"
"488","HT","AV","Sunset Haïti Resort","4"
"489","HT","NA","Paradise Haïti Suites","1"
"490","HU","AV","Central Hongrie Inn","5"
"491","HU","AV","Royal Hongrie Retreat","3"
"492","HU","AV","Imperial Hongrie Lodge","3"
"493","HU","AV","Imperial Hongrie Suites","4"
"494","KY","NA","Continental Îles Caïmans Hotel","1"
"495","KY","NA","Imperial Îles Caïmans Palace","1"
"496","KY","AV","Imperial Îles Caïmans Palace","3"
"497","KY","AV","Ocean Îles Caïmans Suites","4"
"498","KY","AV","Paradise Îles Caïmans Lodge","3"
"499","KY","NA","Plaza Îles Caïmans Resort","5"
"500","KY","AV","Sunset Îles Caïmans Hotel","4"
"501","KY","NA","Mountain Îles Caïmans Hotel","4"
"502","KY","AV","Plaza Îles Caïmans Palace","2"
"503","KY","NA","Imperial Îles Caïmans Palace","2"
"504","MP","NA","Sunset Îles Mariannes du Nord Resort","4"
"505","MP","AV","Grand Îles Mariannes du Nord Inn","1"
"506","MP","NA","Sunset Îles Mariannes du Nord Lodge","1"
"507","MP","AV","Imperial Îles Mariannes du Nord Palace","4"
"508","MP","NA","Central Îles Mariannes du Nord Suites","2"
"509","MH","NA","Grand Îles Marshall Hotel","3"
"510","MH","AV","Mountain Îles Marshall Suites","5"
"511","MH","NA","Continental Îles Marshall Lodge","2"
"512","MH","NA","Central Îles Marshall Suites","2"
"513","MH","AV","Sunset Îles Marshall Hotel","1"
"514","MH","NA","Royal Îles Marshall Suites","1"
"515","MH","AV","Grand Îles Marshall Retreat","1"
"516","MH","AV","Plaza Îles Marshall Retreat","5"
"517","IN","AV","Mountain Inde Inn","1"
"518","IN","AV","Central Inde Hotel","4"
"519","IN","NA","Continental Inde Lodge","1"
"520","IN","NA","Sunset Inde Retreat","2"
"521","IN","NA","Central Inde Resort","1"
"522","IN","AV","Sunset Inde Hotel","3"
"523","IN","NA","Mountain Inde Hotel","4"
"524","IN","NA","Grand Inde Lodge","2"
"525","ID","AV","Imperial Indonésie Retreat","1"
"526","ID","AV","Ocean Indonésie Resort","3"
"527","ID","AV","Paradise Indonésie Inn","2"
"528","ID","AV","Grand Indonésie Palace","5"
"529","ID","AV","Plaza Indonésie Resort","3"
"530","IQ","NA","Grand Irak Palace","5"
"531","IQ","NA","Central Irak Hotel","5"
"532","IQ","NA","Grand Irak Inn","2"
"533","IQ","AV","Sunset Irak Resort","4"
"534","IQ","NA","Imperial Irak Inn","5"
"535","IR","NA","Ocean Iran Inn","3"
"536","IR","NA","Plaza Iran Hotel","2"
"537","IR","NA","Imperial Iran Palace","1"
"538","IR","AV","Royal Iran Suites","2"
"539","IR","NA","Grand Iran Hotel","4"
"540","IR","AV","Mountain Iran Resort","1"
"541","IR","AV","Plaza Iran Hotel","1"
"542","IR","AV","Paradise Iran Hotel","4"
"543","IR","AV","Continental Iran Retreat","1"
"544","IR","NA","Royal Iran Retreat","5"
"545","IE","AV","Royal Irlande Retreat","2"
"546","IE","NA","Ocean Irlande Retreat","2"
"547","IE","AV","Paradise Irlande Lodge","1"
"548","IE","AV","Grand Irlande Suites","4"
"549","IE","AV","Mountain Irlande Inn","3"
"550","IE","AV","Plaza Irlande Resort","4"
"551","IE","NA","Grand Irlande Suites","3"
"552","IS","AV","Grand Islande Palace","1"
"553","IS","NA","Sunset Islande Retreat","5"
"554","IS","NA","Central Islande Suites","3"
"555","IS","NA","Grand Islande Suites","1"
"556","IS","AV","Paradise Islande Hotel","3"
"557","IS","NA","Central Islande Palace","5"
"558","IS","NA","Grand Islande Palace","4"
"559","IS","AV","Sunset Islande Lodge","2"
"560","IS","NA","Royal Islande Hotel","4"
"561","IS","NA","Continental Islande Retreat","4"
"562","IL","AV","Continental Israël Resort","2"
"563","IL","NA","Central Israël Retreat","1"
"564","IL","AV","Continental Israël Resort","3"
"565","IL","AV","Imperial Israël Hotel","5"
"566","IT","NA","Ocean Italie Resort","5"
"567","IT","NA","Sunset Italie Palace","5"
"568","IT","AV","Royal Italie Suites","5"
"569","IT","AV","Continental Italie Suites","5"
"570","IT","AV","Mountain Italie Resort","4"
"571","IT","AV","Mountain Italie Lodge","2"
"572","IT","NA","Plaza Italie Suites","4"
"573","IT","NA","Grand Italie Retreat","4"
"574","JM","NA","Plaza Jamaïque Palace","3"
"575","JM","NA","Central Jamaïque Retreat","5"
"576","JM","AV","Central Jamaïque Retreat","4"
"577","JM","NA","Imperial Jamaïque Suites","5"
"578","JM","AV","Mountain Jamaïque Palace","1"
"579","JM","NA","Plaza Jamaïque Hotel","2"
"580","JM","NA","Plaza Jamaïque Retreat","1"
"581","JM","NA","Sunset Jamaïque Inn","1"
"582","JM","NA","Ocean Jamaïque Lodge","1"
"583","JP","AV","Mountain Japon Hotel","2"
"584","JP","NA","Royal Japon Resort","1"
"585","JP","NA","Mountain Japon Hotel","5"
"586","JP","AV","Central Japon Suites","4"
"587","JP","AV","Imperial Japon Inn","3"
"588","JP","NA","Plaza Japon Inn","4"
"589","JO","NA","Paradise Jordanie Hotel","4"
"590","JO","NA","Continental Jordanie Suites","1"
"591","JO","NA","Paradise Jordanie Inn","3"
"592","JO","NA","Paradise Jordanie Suites","4"
"593","JO","AV","Ocean Jordanie Lodge","2"
"594","JO","NA","Ocean Jordanie Hotel","5"
"595","JO","AV","Imperial Jordanie Suites","5"
"596","JO","AV","Imperial Jordanie Suites","4"
"597","JO","AV","Central Jordanie Inn","2"
"598","JO","AV","Royal Jordanie Inn","3"
"599","KZ","NA","Mountain Kazakhstan Retreat","3"
"600","KZ","NA","Grand Kazakhstan Retreat","3"
"601","KZ","AV","Ocean Kazakhstan Lodge","5"
"602","KZ","NA","Royal Kazakhstan Lodge","3"
"603","KE","AV","Imperial Kenya Resort","1"
"604","KE","AV","Central Kenya Lodge","2"
"605","KE","NA","Mountain Kenya Hotel","5"
"606","KE","NA","Continental Kenya Palace","5"
"607","KE","AV","Paradise Kenya Resort","4"
"608","KE","NA","Sunset Kenya Resort","2"
"609","KE","NA","Plaza Kenya Inn","4"
"610","XK","NA","Plaza Kosovo Inn","1"
"611","XK","AV","Sunset Kosovo Lodge","2"
"612","XK","AV","Paradise Kosovo Inn","3"
"613","XK","AV","Imperial Kosovo Retreat","4"
"614","XK","AV","Sunset Kosovo Inn","5"
"615","XK","NA","Sunset Kosovo Hotel","4"
"616","XK","NA","Plaza Kosovo Suites","4"
"617","XK","AV","Sunset Kosovo Lodge","4"
"618","XK","AV","Plaza Kosovo Inn","1"
"619","KW","AV","Royal Koweït Retreat","2"
"620","KW","AV","Paradise Koweït Lodge","2"
"621","KW","NA","Royal Koweït Suites","2"
"622","KW","AV","Central Koweït Hotel","2"
"623","KI","AV","Grand Kiribati Hotel","5"
"624","KI","NA","Grand Kiribati Palace","4"
"625","KI","AV","Continental Kiribati Palace","1"
"626","LA","AV","Imperial Laos Resort","1"
"627","LA","NA","Royal Laos Retreat","5"
"628","LA","AV","Imperial Laos Palace","5"
"629","LA","AV","Paradise Laos Retreat","4"
"630","LB","AV","Central Liban Hotel","3"
"631","LB","NA","Continental Liban Inn","1"
"632","LB","AV","Plaza Liban Retreat","1"
"633","LB","NA","Royal Liban Palace","2"
"634","LY","AV","Ocean Libye Hotel","3"
"635","LY","NA","Sunset Libye Palace","1"
"636","LY","NA","Sunset Libye Retreat","5"
"637","LU","NA","Imperial Luxembourg Palace","1"
"638","LU","NA","Mountain Luxembourg Retreat","2"
"639","LU","AV","Plaza Luxembourg Lodge","4"
"640","LU","AV","Paradise Luxembourg Suites","1"
"641","LU","AV","Sunset Luxembourg Palace","4"
"642","LU","NA","Sunset Luxembourg Suites","1"
"643","LU","NA","Sunset Luxembourg Suites","3"
"644","LU","AV","Royal Luxembourg Retreat","3"
"645","MO","NA","Sunset Macao Hotel","5"
"646","MO","NA","Mountain Macao Inn","5"
"647","MO","NA","Paradise Macao Palace","2"
"648","MO","NA","Sunset Macao Resort","5"
"649","MO","AV","Imperial Macao Palace","2"
"650","MO","NA","Continental Macao Retreat","4"
"651","MO","AV","Imperial Macao Hotel","5"
"652","MO","NA","Imperial Macao Resort","4"
"653","MO","AV","Ocean Macao Retreat","5"
"654","MO","AV","Plaza Macao Suites","3"
"655","MK","NA","Continental Macédoine du Nord Hotel","2"
"656","MK","AV","Plaza Macédoine du Nord Hotel","4"
"657","MK","NA","Royal Macédoine du Nord Suites","2"
"658","MG","NA","Ocean Madagascar Palace","2"
"659","MG","NA","Mountain Madagascar Lodge","2"
"660","MG","AV","Grand Madagascar Lodge","5"
"661","MG","NA","Plaza Madagascar Palace","3"
"662","MY","AV","Sunset Malaisie Hotel","2"
"663","MY","AV","Royal Malaisie Lodge","2"
"664","MY","NA","Royal Malaisie Retreat","1"
"665","MY","AV","Royal Malaisie Palace","2"
"666","MY","AV","Ocean Malaisie Suites","1"
"667","MY","AV","Mountain Malaisie Hotel","4"
"668","MY","NA","Mountain Malaisie Palace","3"
"669","MY","NA","Grand Malaisie Palace","5"
"670","MY","NA","Ocean Malaisie Lodge","3"
"671","MY","NA","Mountain Malaisie Hotel","5"
"672","ML","AV","Plaza Mali Palace","3"
"673","ML","AV","Mountain Mali Resort","4"
"674","ML","AV","Continental Mali Hotel","5"
"675","ML","NA","Central Mali Retreat","2"
"676","ML","AV","Grand Mali Retreat","2"
"677","ML","NA","Central Mali Resort","4"
"678","ML","AV","Mountain Mali Suites","2"
"679","ML","NA","Central Mali Retreat","1"
"680","ML","NA","Royal Mali Hotel","3"
"681","ML","NA","Mountain Mali Lodge","3"
"682","MT","AV","Central Malte Lodge","2"
"683","MT","AV","Continental Malte Inn","5"
"684","MT","AV","Central Malte Retreat","4"
"685","MT","NA","Continental Malte Palace","3"
"686","MT","NA","Royal Malte Palace","4"
"687","MT","NA","Central Malte Hotel","3"
"688","MT","NA","Mountain Malte Retreat","2"
"689","MT","AV","Mountain Malte Inn","3"
"690","CH","AV","Central Suisse Palace","1"
"691","CH","AV","Ocean Suisse Inn","4"
"692","CH","AV","Royal Suisse Palace","1"
"693","CH","AV","Ocean Suisse Resort","4"
"694","MA","NA","Sunset Maroc Palace","4"
"695","MA","AV","Royal Maroc Inn","3"
"696","MA","AV","Continental Maroc Lodge","2"
"697","MA","AV","Royal Maroc Lodge","1"
"698","MA","AV","Royal Maroc Resort","5"
"699","MA","AV","Grand Maroc Lodge","4"
"700","MU","NA","Ocean Maurice Lodge","1"
"701","MU","AV","Continental Maurice Suites","2"
"702","MU","NA","Grand Maurice Resort","1"
"703","MU","NA","Plaza Maurice Hotel","1"
"704","MU","AV","Sunset Maurice Inn","4"
"705","MR","AV","Central Mauritanie Hotel","1"
"706","MR","AV","Royal Mauritanie Retreat","2"
"707","MR","NA","Royal Mauritanie Hotel","2"
"708","MX","AV","Sunset Mexique Lodge","3"
"709","MX","AV","Paradise Mexique Resort","5"
"710","MX","AV","Royal Mexique Suites","3"
"711","MX","NA","Continental Mexique Hotel","5"
"712","MX","NA","Mountain Mexique Suites","2"
"713","MX","AV","Royal Mexique Hotel","1"
"714","MX","AV","Continental Mexique Palace","3"
"715","MX","NA","Paradise Mexique Resort","3"
"716","MX","AV","Imperial Mexique Inn","2"
"717","MD","NA","Plaza Moldavie Palace","5"
"718","MD","NA","Ocean Moldavie Suites","1"
"719","MD","AV","Ocean Moldavie Palace","2"
"720","MD","AV","Plaza Moldavie Palace","5"
"721","MC","NA","Mountain Monaco Hotel","1"
"722","MC","NA","Ocean Monaco Inn","2"
"723","MC","NA","Ocean Monaco Hotel","2"
"724","MN","AV","Imperial Mongolie Hotel","1"
"725","MN","NA","Mountain Mongolie Lodge","2"
"726","MN","NA","Sunset Mongolie Hotel","2"
"727","MN","NA","Plaza Mongolie Hotel","4"
"728","MN","AV","Imperial Mongolie Retreat","4"
"729","MN","AV","Ocean Mongolie Lodge","4"
"730","MN","NA","Paradise Mongolie Lodge","2"
"731","MN","AV","Plaza Mongolie Hotel","2"
"732","MN","AV","Sunset Mongolie Palace","3"
"733","ME","AV","Central Monténégro Hotel","1"
"734","ME","NA","Central Monténégro Lodge","4"
"735","ME","AV","Ocean Monténégro Palace","1"
"736","ME","NA","Royal Monténégro Lodge","2"
"737","ME","AV","Paradise Monténégro Lodge","2"
"738","ME","AV","Central Monténégro Inn","2"
"739","ME","NA","Continental Monténégro Inn","5"
"740","ME","AV","Grand Monténégro Resort","2"
"741","MZ","NA","Continental Mozambique Hotel","2"
"742","MZ","AV","Mountain Mozambique Hotel","4"
"743","MZ","AV","Grand Mozambique Palace","4"
"744","MZ","AV","Continental Mozambique Retreat","2"
"745","MZ","AV","Central Mozambique Suites","5"
"746","MZ","AV","Imperial Mozambique Suites","2"
"747","NP","AV","Mountain Népal Palace","4"
"748","NP","AV","Sunset Népal Resort","3"
"749","NP","AV","Grand Népal Lodge","5"
"750","NP","NA","Continental Népal Retreat","2"
"751","NP","AV","Plaza Népal Resort","3"
"752","NP","AV","Grand Népal Suites","3"
"753","NP","AV","Sunset Népal Hotel","3"
"754","NP","NA","Sunset Népal Resort","4"
"755","NP","NA","Paradise Népal Resort","2"
"756","NZ","AV","Grand Nouvelle-Zélande Lodge","3"
"757","NZ","NA","Sunset Nouvelle-Zélande Suites","1"
"758","NZ","NA","Central Nouvelle-Zélande Lodge","2"
"759","NZ","AV","Continental Nouvelle-Zélande Retreat","1"
"760","NZ","NA","Central Nouvelle-Zélande Lodge","2"
"761","NZ","NA","Plaza Nouvelle-Zélande Resort","4"
"762","NZ","NA","Imperial Nouvelle-Zélande Resort","4"
"763","NO","NA","Continental Norvège Hotel","5"
"764","NO","AV","Paradise Norvège Hotel","4"
"765","NO","NA","Mountain Norvège Lodge","1"
"766","NO","AV","Imperial Norvège Palace","2"
"767","NO","AV","Ocean Norvège Lodge","1"
"768","NO","NA","Ocean Norvège Lodge","1"
"769","NO","NA","Grand Norvège Palace","4"
"770","NO","NA","Royal Norvège Retreat","5"
"771","NO","AV","Royal Norvège Palace","3"
"772","NO","AV","Sunset Norvège Lodge","3"
"773","NE","AV","Royal Niger Palace","2"
"774","NE","NA","Ocean Niger Hotel","2"
"775","NE","AV","Paradise Niger Suites","4"
"776","NE","AV","Plaza Niger Lodge","2"
"777","NE","NA","Central Niger Palace","3"
"778","NG","AV","Imperial Nigeria Suites","1"
"779","NG","NA","Plaza Nigeria Lodge","1"
"780","NG","AV","Grand Nigeria Suites","2"
"781","NG","NA","Imperial Nigeria Retreat","2"
"782","NG","NA","Plaza Nigeria Lodge","1"
"783","NG","AV","Imperial Nigeria Palace","3"
"784","NG","NA","Grand Nigeria Lodge","2"
"785","NG","AV","Grand Nigeria Resort","5"
"786","NU","AV","Imperial Niue Palace","3"
"787","NU","NA","Imperial Niue Hotel","1"
"788","NU","AV","Royal Niue Hotel","1"
"789","NU","NA","Mountain Niue Retreat","1"
"790","OM","AV","Sunset Oman Resort","4"
"791","OM","NA","Ocean Oman Inn","3"
"792","OM","AV","Sunset Oman Palace","3"
"793","OM","NA","Imperial Oman Hotel","4"
"794","UZ","AV","Sunset Ouzbékistan Resort","5"
"795","UZ","NA","Imperial Ouzbékistan Suites","4"
"796","UZ","AV","Central Ouzbékistan Lodge","5"
"797","UZ","AV","Ocean Ouzbékistan Palace","1"
"798","PA","AV","Mountain Panama Retreat","4"
"799","PA","NA","Royal Panama Lodge","1"
"800","PA","NA","Grand Panama Inn","5"
"801","PA","NA","Grand Panama Retreat","3"
"802","PA","NA","Central Panama Suites","2"
"803","PA","NA","Central Panama Lodge","2"
"804","PG","NA","Sunset Papouasie-Nouvelle-Guinée Resort","3"
"805","PG","NA","Sunset Papouasie-Nouvelle-Guinée Inn","2"
"806","PG","NA","Royal Papouasie-Nouvelle-Guinée Suites","3"
"807","PG","AV","Mountain Papouasie-Nouvelle-Guinée Lodge","4"
"808","PG","NA","Central Papouasie-Nouvelle-Guinée Inn","1"
"809","PG","NA","Grand Papouasie-Nouvelle-Guinée Inn","3"
"810","PG","NA","Grand Papouasie-Nouvelle-Guinée Suites","5"
"811","PG","AV","Sunset Papouasie-Nouvelle-Guinée Suites","2"
"812","PK","NA","Sunset Pakistan Inn","3"
"813","PK","AV","Paradise Pakistan Resort","4"
"814","PK","AV","Royal Pakistan Suites","5"
"815","PK","AV","Paradise Pakistan Inn","1"
"816","PK","AV","Plaza Pakistan Retreat","4"
"817","PK","AV","Plaza Pakistan Inn","4"
"818","PL","NA","Imperial Pologne Retreat","3"
"819","PL","AV","Paradise Pologne Resort","4"
"820","PL","NA","Plaza Pologne Suites","2"
"821","PL","AV","Plaza Pologne Retreat","5"
"822","PL","AV","Continental Pologne Retreat","5"
"823","PL","AV","Grand Pologne Lodge","1"
"824","PH","AV","Royal Philippines Suites","4"
"825","PH","NA","Ocean Philippines Palace","5"
"826","PH","NA","Paradise Philippines Retreat","5"
"827","PH","NA","Central Philippines Retreat","4"
"828","PH","NA","Central Philippines Lodge","3"
"829","PH","NA","Imperial Philippines Lodge","3"
"830","PH","AV","Plaza Philippines Inn","4"
"831","PH","AV","Imperial Philippines Hotel","5"
"832","PH","NA","Plaza Philippines Inn","3"
"833","QA","AV","Central Qatar Hotel","2"
"834","QA","AV","Paradise Qatar Palace","1"
"835","QA","AV","Imperial Qatar Retreat","4"
"836","QA","AV","Continental Qatar Suites","4"
"837","QA","NA","Plaza Qatar Resort","3"
"838","RO","NA","Central Roumanie Inn","1"
"839","RO","AV","Mountain Roumanie Resort","5"
"840","RO","AV","Central Roumanie Resort","2"
"841","GB","NA","Mountain Royaume-Uni Suites","3"
"842","GB","NA","Continental Royaume-Uni Lodge","4"
"843","GB","NA","Ocean Royaume-Uni Palace","3"
"844","GB","NA","Grand Royaume-Uni Lodge","4"
"845","GB","AV","Ocean Royaume-Uni Hotel","3"
"846","GB","AV","Plaza Royaume-Uni Resort","3"
"847","GB","AV","Ocean Royaume-Uni Resort","3"
"848","GB","AV","Mountain Royaume-Uni Resort","2"
"849","RU","AV","Imperial Russie Retreat","1"
"850","RU","NA","Paradise Russie Hotel","5"
"851","RU","NA","Plaza Russie Palace","5"
"852","RU","AV","Grand Russie Palace","2"
"853","RU","AV","Royal Russie Palace","1"
"854","RU","AV","Plaza Russie Hotel","3"
"855","RU","NA","Royal Russie Retreat","3"
"856","RW","NA","Royal Rwanda Retreat","4"
"857","RW","AV","Royal Rwanda Lodge","1"
"858","RW","NA","Imperial Rwanda Suites","1"
"859","RW","NA","Central Rwanda Inn","2"
"860","RW","NA","Central Rwanda Palace","4"
"861","RW","NA","Ocean Rwanda Suites","2"
"862","RW","NA","Grand Rwanda Palace","4"
"863","RS","NA","Grand Serbie Lodge","4"
"864","RS","NA","Sunset Serbie Retreat","4"
"865","RS","AV","Sunset Serbie Suites","4"
"866","RS","NA","Continental Serbie Retreat","4"
"867","RS","NA","Mountain Serbie Lodge","3"
"868","RS","AV","Plaza Serbie Inn","2"
"869","RS","NA","Sunset Serbie Hotel","3"
"870","SN","AV","Continental Sénégal Palace","5"
"871","SN","AV","Ocean Sénégal Palace","1"
"872","SN","NA","Continental Sénégal Retreat","2"
"873","SN","NA","Royal Sénégal Inn","1"
"874","SN","AV","Ocean Sénégal Inn","2"
"875","SN","AV","Royal Sénégal Hotel","2"
"876","SN","NA","Royal Sénégal Palace","1"
"877","SN","NA","Sunset Sénégal Inn","5"
"878","SG","NA","Mountain Singapour Palace","5"
"879","SG","NA","Imperial Singapour Lodge","3"
"880","SG","NA","Central Singapour Lodge","2"
"881","SG","NA","Paradise Singapour Inn","3"
"882","SG","AV","Continental Singapour Lodge","3"
"883","SG","NA","Mountain Singapour Hotel","1"
"884","SG","AV","Sunset Singapour Resort","3"
"885","SI","AV","Grand Slovénie Hotel","4"
"886","SI","NA","Grand Slovénie Lodge","4"
"887","SI","NA","Plaza Slovénie Palace","1"
"888","SI","NA","Sunset Slovénie Hotel","2"
"889","SI","AV","Ocean Slovénie Retreat","1"
"890","SI","NA","Ocean Slovénie Palace","3"
"891","SI","NA","Grand Slovénie Lodge","3"
"892","SD","NA","Imperial Soudan Hotel","5"
"893","SD","NA","Continental Soudan Inn","3"
"894","SD","AV","Mountain Soudan Lodge","5"
"895","LK","NA","Plaza Sri Lanka Lodge","1"
"896","LK","AV","Grand Sri Lanka Retreat","1"
"897","LK","AV","Ocean Sri Lanka Hotel","4"
"898","LK","AV","Paradise Sri Lanka Palace","3"
"899","LK","AV","Continental Sri Lanka Hotel","1"
"900","LK","NA","Sunset Sri Lanka Suites","1"
"901","LK","NA","Mountain Sri Lanka Hotel","5"
"902","SE","NA","Plaza Suède Suites","3"
"903","SE","AV","Central Suède Lodge","3"
"904","SE","NA","Central Suède Lodge","2"
"905","SE","NA","Royal Suède Palace","2"
"906","SE","NA","Grand Suède Lodge","1"
"907","SE","NA","Paradise Suède Hotel","3"
"908","SR","AV","Continental Suriname Hotel","4"
"909","SR","NA","Ocean Suriname Palace","4"
"910","SR","NA","Imperial Suriname Suites","1"
"911","SR","NA","Paradise Suriname Resort","1"
"912","SR","NA","Ocean Suriname Lodge","5"
"913","SY","NA","Royal Syrie Palace","3"
"914","SY","AV","Plaza Syrie Inn","4"
"915","SY","AV","Royal Syrie Lodge","2"
"916","SY","NA","Mountain Syrie Lodge","2"
"917","TJ","NA","Imperial Tadjikistan Lodge","3"
"918","TJ","AV","Mountain Tadjikistan Retreat","4"
"919","TJ","NA","Ocean Tadjikistan Lodge","1"
"920","TJ","AV","Plaza Tadjikistan Lodge","5"
"921","TJ","AV","Sunset Tadjikistan Resort","5"
"922","TJ","AV","Sunset Tadjikistan Resort","3"